index,Unassigned;__;__;__;__,k__Archaea;p__Crenarchaeota;c__Thaumarchaeota;o__Nitrososphaerales;f__Nitrososphaeraceae,k__Bacteria;__;__;__;__,k__Bacteria;p__Acidobacteria;c__[Chloracidobacteria];o__RB41;f__Ellin6075,k__Bacteria;p__Actinobacteria;c__Acidimicrobiia;o__Acidimicrobiales;f__,k__Bacteria;p__Actinobacteria;c__Actinobacteria;o__Actinomycetales;f__,k__Bacteria;p__Actinobacteria;c__Actinobacteria;o__Actinomycetales;f__Actinomycetaceae,k__Bacteria;p__Actinobacteria;c__Actinobacteria;o__Actinomycetales;f__Brevibacteriaceae,k__Bacteria;p__Actinobacteria;c__Actinobacteria;o__Actinomycetales;f__Corynebacteriaceae,k__Bacteria;p__Actinobacteria;c__Actinobacteria;o__Actinomycetales;f__Dermabacteraceae,k__Bacteria;p__Actinobacteria;c__Actinobacteria;o__Actinomycetales;f__Geodermatophilaceae,k__Bacteria;p__Actinobacteria;c__Actinobacteria;o__Actinomycetales;f__Intrasporangiaceae,k__Bacteria;p__Actinobacteria;c__Actinobacteria;o__Actinomycetales;f__Microbacteriaceae,k__Bacteria;p__Actinobacteria;c__Actinobacteria;o__Actinomycetales;f__Micrococcaceae,k__Bacteria;p__Actinobacteria;c__Actinobacteria;o__Actinomycetales;f__Mycobacteriaceae,k__Bacteria;p__Actinobacteria;c__Actinobacteria;o__Actinomycetales;f__Nakamurellaceae,k__Bacteria;p__Actinobacteria;c__Actinobacteria;o__Actinomycetales;f__Nocardiaceae,k__Bacteria;p__Actinobacteria;c__Actinobacteria;o__Actinomycetales;f__Nocardioidaceae,k__Bacteria;p__Actinobacteria;c__Actinobacteria;o__Actinomycetales;f__Propionibacteriaceae,k__Bacteria;p__Actinobacteria;c__Actinobacteria;o__Actinomycetales;f__Pseudonocardiaceae,k__Bacteria;p__Actinobacteria;c__Actinobacteria;o__Actinomycetales;f__Williamsiaceae,k__Bacteria;p__Actinobacteria;c__Actinobacteria;o__Bifidobacteriales;f__Bifidobacteriaceae,k__Bacteria;p__Actinobacteria;c__Coriobacteriia;o__Coriobacteriales;f__Coriobacteriaceae,k__Bacteria;p__Actinobacteria;c__Thermoleophilia;o__Gaiellales;f__Gaiellaceae,k__Bacteria;p__Actinobacteria;c__Thermoleophilia;o__Solirubrobacterales;f__,k__Bacteria;p__Bacteroidetes;c__Bacteroidia;o__Bacteroidales;__,k__Bacteria;p__Bacteroidetes;c__Bacteroidia;o__Bacteroidales;f__,k__Bacteria;p__Bacteroidetes;c__Bacteroidia;o__Bacteroidales;f__Bacteroidaceae,k__Bacteria;p__Bacteroidetes;c__Bacteroidia;o__Bacteroidales;f__Porphyromonadaceae,k__Bacteria;p__Bacteroidetes;c__Bacteroidia;o__Bacteroidales;f__Prevotellaceae,k__Bacteria;p__Bacteroidetes;c__Bacteroidia;o__Bacteroidales;f__Rikenellaceae,k__Bacteria;p__Bacteroidetes;c__Bacteroidia;o__Bacteroidales;f__S24-7,k__Bacteria;p__Bacteroidetes;c__Bacteroidia;o__Bacteroidales;f__[Barnesiellaceae],k__Bacteria;p__Bacteroidetes;c__Bacteroidia;o__Bacteroidales;f__[Odoribacteraceae],k__Bacteria;p__Bacteroidetes;c__Bacteroidia;o__Bacteroidales;f__[Paraprevotellaceae],k__Bacteria;p__Bacteroidetes;c__Cytophagia;o__Cytophagales;f__Cytophagaceae,k__Bacteria;p__Bacteroidetes;c__Flavobacteriia;o__Flavobacteriales;f__Flavobacteriaceae,k__Bacteria;p__Bacteroidetes;c__Flavobacteriia;o__Flavobacteriales;f__[Weeksellaceae],k__Bacteria;p__Bacteroidetes;c__Sphingobacteriia;o__Sphingobacteriales;f__Sphingobacteriaceae,k__Bacteria;p__Bacteroidetes;c__[Rhodothermi];o__[Rhodothermales];f__Rhodothermaceae,k__Bacteria;p__Bacteroidetes;c__[Saprospirae];o__[Saprospirales];f__Chitinophagaceae,k__Bacteria;p__Chloroflexi;c__Anaerolineae;o__Caldilineales;f__Caldilineaceae,k__Bacteria;p__Chloroflexi;c__Ellin6529;o__;f__,k__Bacteria;p__Cyanobacteria;c__Chloroplast;o__Chlorophyta;f__,k__Bacteria;p__Cyanobacteria;c__Chloroplast;o__Chlorophyta;f__Trebouxiophyceae,k__Bacteria;p__Cyanobacteria;c__Chloroplast;o__Streptophyta;f__,k__Bacteria;p__Cyanobacteria;c__Nostocophycideae;o__Nostocales;f__Nostocaceae,k__Bacteria;p__FBP;c__;o__;f__,k__Bacteria;p__Firmicutes;c__Bacilli;__;__,k__Bacteria;p__Firmicutes;c__Bacilli;o__Bacillales;f__Alicyclobacillaceae,k__Bacteria;p__Firmicutes;c__Bacilli;o__Bacillales;f__Bacillaceae,k__Bacteria;p__Firmicutes;c__Bacilli;o__Bacillales;f__Paenibacillaceae,k__Bacteria;p__Firmicutes;c__Bacilli;o__Bacillales;f__Planococcaceae,k__Bacteria;p__Firmicutes;c__Bacilli;o__Gemellales;f__,k__Bacteria;p__Firmicutes;c__Bacilli;o__Gemellales;f__Gemellaceae,k__Bacteria;p__Firmicutes;c__Bacilli;o__Lactobacillales;__,k__Bacteria;p__Firmicutes;c__Bacilli;o__Lactobacillales;f__Aerococcaceae,k__Bacteria;p__Firmicutes;c__Bacilli;o__Lactobacillales;f__Carnobacteriaceae,k__Bacteria;p__Firmicutes;c__Bacilli;o__Lactobacillales;f__Enterococcaceae,k__Bacteria;p__Firmicutes;c__Bacilli;o__Lactobacillales;f__Lactobacillaceae,k__Bacteria;p__Firmicutes;c__Bacilli;o__Lactobacillales;f__Leuconostocaceae,k__Bacteria;p__Firmicutes;c__Bacilli;o__Lactobacillales;f__Streptococcaceae,k__Bacteria;p__Firmicutes;c__Bacilli;o__Turicibacterales;f__Turicibacteraceae,k__Bacteria;p__Firmicutes;c__Clostridia;o__Clostridiales;__,k__Bacteria;p__Firmicutes;c__Clostridia;o__Clostridiales;f__,k__Bacteria;p__Firmicutes;c__Clostridia;o__Clostridiales;f__Christensenellaceae,k__Bacteria;p__Firmicutes;c__Clostridia;o__Clostridiales;f__Clostridiaceae,k__Bacteria;p__Firmicutes;c__Clostridia;o__Clostridiales;f__Lachnospiraceae,k__Bacteria;p__Firmicutes;c__Clostridia;o__Clostridiales;f__Peptococcaceae,k__Bacteria;p__Firmicutes;c__Clostridia;o__Clostridiales;f__Peptostreptococcaceae,k__Bacteria;p__Firmicutes;c__Clostridia;o__Clostridiales;f__Ruminococcaceae,k__Bacteria;p__Firmicutes;c__Clostridia;o__Clostridiales;f__Veillonellaceae,k__Bacteria;p__Firmicutes;c__Clostridia;o__Clostridiales;f__[Acidaminobacteraceae],k__Bacteria;p__Firmicutes;c__Clostridia;o__Clostridiales;f__[Mogibacteriaceae],k__Bacteria;p__Firmicutes;c__Clostridia;o__Clostridiales;f__[Tissierellaceae],k__Bacteria;p__Firmicutes;c__Clostridia;o__OPB54;f__,k__Bacteria;p__Firmicutes;c__Erysipelotrichi;o__Erysipelotrichales;f__Erysipelotrichaceae,k__Bacteria;p__Fusobacteria;c__Fusobacteriia;o__Fusobacteriales;f__Fusobacteriaceae,k__Bacteria;p__Fusobacteria;c__Fusobacteriia;o__Fusobacteriales;f__Leptotrichiaceae,k__Bacteria;p__GN02;c__BD1-5;o__;f__,k__Bacteria;p__Planctomycetes;c__Phycisphaerae;o__WD2101;f__,k__Bacteria;p__Planctomycetes;c__Planctomycetia;o__Planctomycetales;f__Planctomycetaceae,k__Bacteria;p__Proteobacteria;__;__;__,k__Bacteria;p__Proteobacteria;c__Alphaproteobacteria;o__Caulobacterales;f__Caulobacteraceae,k__Bacteria;p__Proteobacteria;c__Alphaproteobacteria;o__Rhizobiales;f__Bradyrhizobiaceae,k__Bacteria;p__Proteobacteria;c__Alphaproteobacteria;o__Rhizobiales;f__Brucellaceae,k__Bacteria;p__Proteobacteria;c__Alphaproteobacteria;o__Rhizobiales;f__Hyphomicrobiaceae,k__Bacteria;p__Proteobacteria;c__Alphaproteobacteria;o__Rhizobiales;f__Methylobacteriaceae,k__Bacteria;p__Proteobacteria;c__Alphaproteobacteria;o__Rhizobiales;f__Rhizobiaceae,k__Bacteria;p__Proteobacteria;c__Alphaproteobacteria;o__Rhizobiales;f__Xanthobacteraceae,k__Bacteria;p__Proteobacteria;c__Alphaproteobacteria;o__Rhodobacterales;f__Rhodobacteraceae,k__Bacteria;p__Proteobacteria;c__Alphaproteobacteria;o__Rhodospirillales;f__,k__Bacteria;p__Proteobacteria;c__Alphaproteobacteria;o__Rhodospirillales;f__Acetobacteraceae,k__Bacteria;p__Proteobacteria;c__Alphaproteobacteria;o__Rhodospirillales;f__Rhodospirillaceae,k__Bacteria;p__Proteobacteria;c__Alphaproteobacteria;o__Rickettsiales;f__mitochondria,k__Bacteria;p__Proteobacteria;c__Alphaproteobacteria;o__Sphingomonadales;f__Erythrobacteraceae,k__Bacteria;p__Proteobacteria;c__Alphaproteobacteria;o__Sphingomonadales;f__Sphingomonadaceae,k__Bacteria;p__Proteobacteria;c__Betaproteobacteria;__;__,k__Bacteria;p__Proteobacteria;c__Betaproteobacteria;o__Burkholderiales;__,k__Bacteria;p__Proteobacteria;c__Betaproteobacteria;o__Burkholderiales;f__Alcaligenaceae,k__Bacteria;p__Proteobacteria;c__Betaproteobacteria;o__Burkholderiales;f__Burkholderiaceae,k__Bacteria;p__Proteobacteria;c__Betaproteobacteria;o__Burkholderiales;f__Comamonadaceae,k__Bacteria;p__Proteobacteria;c__Betaproteobacteria;o__Burkholderiales;f__Oxalobacteraceae,k__Bacteria;p__Proteobacteria;c__Betaproteobacteria;o__Methylophilales;f__Methylophilaceae,k__Bacteria;p__Proteobacteria;c__Betaproteobacteria;o__Neisseriales;f__Neisseriaceae,k__Bacteria;p__Proteobacteria;c__Betaproteobacteria;o__Rhodocyclales;f__Rhodocyclaceae,k__Bacteria;p__Proteobacteria;c__Deltaproteobacteria;o__Bdellovibrionales;f__Bacteriovoracaceae,k__Bacteria;p__Proteobacteria;c__Deltaproteobacteria;o__Desulfovibrionales;f__Desulfomicrobiaceae,k__Bacteria;p__Proteobacteria;c__Deltaproteobacteria;o__Desulfovibrionales;f__Desulfovibrionaceae,k__Bacteria;p__Proteobacteria;c__Deltaproteobacteria;o__Myxococcales;f__,k__Bacteria;p__Proteobacteria;c__Deltaproteobacteria;o__Myxococcales;f__Cystobacteraceae,k__Bacteria;p__Proteobacteria;c__Epsilonproteobacteria;o__Campylobacterales;f__Campylobacteraceae,k__Bacteria;p__Proteobacteria;c__Epsilonproteobacteria;o__Campylobacterales;f__Helicobacteraceae,k__Bacteria;p__Proteobacteria;c__Gammaproteobacteria;o__Aeromonadales;f__Aeromonadaceae,k__Bacteria;p__Proteobacteria;c__Gammaproteobacteria;o__Aeromonadales;f__Succinivibrionaceae,k__Bacteria;p__Proteobacteria;c__Gammaproteobacteria;o__Alteromonadales;f__Alteromonadaceae,k__Bacteria;p__Proteobacteria;c__Gammaproteobacteria;o__Cardiobacteriales;f__Cardiobacteriaceae,k__Bacteria;p__Proteobacteria;c__Gammaproteobacteria;o__Enterobacteriales;f__Enterobacteriaceae,k__Bacteria;p__Proteobacteria;c__Gammaproteobacteria;o__Legionellales;f__Legionellaceae,k__Bacteria;p__Proteobacteria;c__Gammaproteobacteria;o__Pasteurellales;f__Pasteurellaceae,k__Bacteria;p__Proteobacteria;c__Gammaproteobacteria;o__Pseudomonadales;f__Moraxellaceae,k__Bacteria;p__Proteobacteria;c__Gammaproteobacteria;o__Pseudomonadales;f__Pseudomonadaceae,k__Bacteria;p__Proteobacteria;c__Gammaproteobacteria;o__Vibrionales;f__Vibrionaceae,k__Bacteria;p__Proteobacteria;c__Gammaproteobacteria;o__Xanthomonadales;f__Xanthomonadaceae,k__Bacteria;p__Proteobacteria;c__TA18;o__PHOS-HD29;f__,k__Bacteria;p__SR1;c__;o__;f__,k__Bacteria;p__Spirochaetes;c__Spirochaetes;o__Spirochaetales;f__Spirochaetaceae,k__Bacteria;p__Synergistetes;c__Synergistia;o__Synergistales;f__Dethiosulfovibrionaceae,k__Bacteria;p__TM7;c__TM7-3;o__;f__,k__Bacteria;p__Tenericutes;c__Mollicutes;o__Mycoplasmatales;f__Mycoplasmataceae,k__Bacteria;p__Verrucomicrobia;c__Verrucomicrobiae;o__Verrucomicrobiales;f__Verrucomicrobiaceae,k__Bacteria;p__Verrucomicrobia;c__[Pedosphaerae];o__[Pedosphaerales];f__,k__Bacteria;p__Verrucomicrobia;c__[Spartobacteria];o__[Chthoniobacterales];f__[Chthoniobacteraceae],k__Bacteria;p__[Thermi];c__Deinococci;o__Deinococcales;f__Deinococcaceae,k__Bacteria;p__[Thermi];c__Deinococci;o__Deinococcales;f__Trueperaceae,BarcodeSequence,LinkerPrimerSequence,BodySite,Year,Month,Day,Subject,ReportedAntibioticUsage,DaysSinceExperimentStart,Description
L1S105,0.0,0.0,0.0,0.0,0.0,0.0,0.0,0.0,0.0,0.0,0.0,0.0,0.0,0.0,0.0,0.0,0.0,0.0,0.0,0.0,0.0,0.0,0.0,0.0,0.0,0.0,0.0,4572.0,19.0,85.0,4.0,0.0,0.0,0.0,38.0,0.0,0.0,0.0,0.0,0.0,0.0,0.0,0.0,0.0,0.0,0.0,0.0,0.0,0.0,0.0,0.0,0.0,0.0,0.0,0.0,0.0,0.0,0.0,0.0,0.0,0.0,0.0,0.0,83.0,0.0,0.0,37.0,1419.0,0.0,0.0,1022.0,157.0,0.0,0.0,6.0,0.0,33.0,31.0,0.0,0.0,0.0,0.0,0.0,0.0,0.0,0.0,0.0,0.0,0.0,0.0,0.0,0.0,0.0,0.0,0.0,0.0,0.0,0.0,35.0,0.0,0.0,0.0,0.0,0.0,5.0,0.0,0.0,0.0,79.0,0.0,0.0,0.0,0.0,0.0,0.0,0.0,0.0,38.0,0.0,0.0,0.0,0.0,0.0,0.0,0.0,0.0,0.0,0.0,0.0,0.0,202.0,0.0,0.0,0.0,0.0,AGTGCGATGCGT,GTGCCAGCMGCCGCGGTAA,gut,2009.0,3.0,17.0,subject-1,No,140.0,subject-1.gut.2009-3-17
L1S140,0.0,0.0,0.0,0.0,0.0,0.0,0.0,0.0,7.0,0.0,0.0,0.0,0.0,0.0,0.0,0.0,0.0,0.0,0.0,0.0,0.0,0.0,0.0,0.0,0.0,0.0,0.0,4661.0,121.0,57.0,126.0,0.0,0.0,0.0,0.0,0.0,0.0,0.0,0.0,0.0,0.0,0.0,0.0,0.0,0.0,0.0,0.0,0.0,0.0,0.0,0.0,0.0,0.0,0.0,0.0,0.0,0.0,0.0,0.0,0.0,0.0,0.0,0.0,17.0,51.0,0.0,0.0,643.0,0.0,0.0,1122.0,254.0,0.0,2.0,21.0,0.0,0.0,0.0,0.0,0.0,0.0,0.0,0.0,0.0,0.0,0.0,0.0,0.0,0.0,0.0,0.0,0.0,0.0,0.0,0.0,0.0,0.0,0.0,0.0,0.0,0.0,11.0,0.0,0.0,0.0,0.0,0.0,0.0,92.0,0.0,0.0,0.0,0.0,0.0,0.0,0.0,0.0,60.0,0.0,0.0,0.0,0.0,0.0,0.0,0.0,0.0,0.0,0.0,0.0,0.0,0.0,0.0,0.0,0.0,0.0,ATGGCAGCTCTA,GTGCCAGCMGCCGCGGTAA,gut,2008.0,10.0,28.0,subject-2,Yes,0.0,subject-2.gut.2008-10-28
L1S208,0.0,0.0,0.0,0.0,0.0,0.0,0.0,0.0,0.0,0.0,0.0,0.0,0.0,0.0,0.0,0.0,0.0,0.0,0.0,0.0,0.0,0.0,2.0,0.0,0.0,0.0,0.0,4628.0,216.0,0.0,344.0,0.0,6.0,34.0,0.0,0.0,0.0,0.0,0.0,0.0,0.0,0.0,0.0,0.0,0.0,0.0,0.0,0.0,0.0,0.0,0.0,0.0,0.0,0.0,0.0,0.0,0.0,0.0,0.0,0.0,0.0,12.0,0.0,25.0,38.0,0.0,20.0,1634.0,0.0,0.0,1066.0,150.0,0.0,4.0,0.0,0.0,41.0,0.0,0.0,0.0,0.0,0.0,0.0,0.0,0.0,0.0,0.0,0.0,0.0,0.0,0.0,0.0,0.0,0.0,0.0,0.0,0.0,0.0,0.0,0.0,0.0,0.0,5.0,0.0,0.0,0.0,0.0,0.0,31.0,0.0,0.0,0.0,0.0,0.0,0.0,0.0,0.0,6.0,0.0,5.0,0.0,0.0,0.0,0.0,0.0,0.0,0.0,0.0,0.0,0.0,3.0,0.0,0.0,0.0,0.0,CTGAGATACGCG,GTGCCAGCMGCCGCGGTAA,gut,2009.0,1.0,20.0,subject-2,No,84.0,subject-2.gut.2009-1-20
L1S257,0.0,0.0,0.0,0.0,0.0,0.0,0.0,0.0,0.0,0.0,0.0,0.0,0.0,0.0,0.0,0.0,0.0,0.0,0.0,0.0,0.0,0.0,3.0,0.0,0.0,0.0,0.0,3043.0,490.0,0.0,345.0,0.0,11.0,48.0,0.0,0.0,0.0,0.0,0.0,0.0,0.0,0.0,0.0,0.0,0.0,0.0,0.0,0.0,9.0,0.0,0.0,0.0,0.0,0.0,0.0,0.0,0.0,0.0,0.0,0.0,0.0,2.0,0.0,9.0,12.0,3.0,12.0,1394.0,0.0,0.0,831.0,95.0,0.0,5.0,0.0,0.0,16.0,0.0,0.0,0.0,0.0,0.0,0.0,0.0,0.0,0.0,0.0,0.0,0.0,0.0,0.0,0.0,0.0,0.0,0.0,0.0,0.0,0.0,79.0,0.0,0.0,20.0,0.0,0.0,0.0,0.0,0.0,0.0,53.0,0.0,0.0,0.0,0.0,0.0,0.0,0.0,0.0,0.0,0.0,0.0,0.0,0.0,0.0,0.0,0.0,0.0,0.0,0.0,0.0,0.0,6.0,0.0,0.0,0.0,0.0,CCGACTGAGATG,GTGCCAGCMGCCGCGGTAA,gut,2009.0,3.0,17.0,subject-2,No,140.0,subject-2.gut.2009-3-17
L1S281,0.0,0.0,0.0,0.0,0.0,0.0,0.0,0.0,0.0,0.0,0.0,0.0,0.0,0.0,0.0,0.0,0.0,0.0,0.0,0.0,0.0,0.0,0.0,0.0,0.0,0.0,0.0,3113.0,194.0,0.0,222.0,0.0,12.0,36.0,0.0,0.0,0.0,0.0,0.0,0.0,0.0,0.0,0.0,0.0,0.0,0.0,0.0,0.0,0.0,0.0,0.0,0.0,0.0,0.0,0.0,0.0,0.0,0.0,0.0,0.0,0.0,0.0,0.0,17.0,33.0,0.0,15.0,1788.0,0.0,0.0,1132.0,86.0,0.0,3.0,0.0,0.0,12.0,0.0,0.0,0.0,0.0,0.0,0.0,0.0,0.0,0.0,0.0,0.0,0.0,0.0,0.0,0.0,0.0,0.0,0.0,0.0,0.0,0.0,48.0,0.0,0.0,0.0,0.0,0.0,0.0,0.0,0.0,0.0,39.0,0.0,0.0,0.0,0.0,0.0,0.0,0.0,0.0,5.0,0.0,0.0,0.0,0.0,0.0,0.0,0.0,0.0,0.0,0.0,0.0,0.0,0.0,0.0,0.0,0.0,0.0,CCTCTCGTGATC,GTGCCAGCMGCCGCGGTAA,gut,2009.0,4.0,14.0,subject-2,No,168.0,subject-2.gut.2009-4-14
L1S57,0.0,0.0,0.0,0.0,0.0,0.0,0.0,0.0,0.0,0.0,0.0,0.0,0.0,0.0,0.0,0.0,0.0,0.0,0.0,0.0,0.0,0.0,0.0,0.0,0.0,0.0,0.0,4570.0,0.0,0.0,6.0,0.0,0.0,0.0,299.0,0.0,0.0,0.0,0.0,0.0,0.0,0.0,0.0,0.0,0.0,0.0,0.0,0.0,0.0,0.0,0.0,0.0,0.0,0.0,0.0,0.0,0.0,0.0,0.0,0.0,0.0,5.0,0.0,69.0,30.0,0.0,9.0,1942.0,0.0,0.0,1062.0,489.0,0.0,0.0,0.0,0.0,53.0,0.0,0.0,0.0,0.0,0.0,0.0,0.0,0.0,0.0,0.0,0.0,0.0,0.0,0.0,0.0,0.0,0.0,0.0,0.0,0.0,0.0,120.0,0.0,0.0,35.0,0.0,0.0,0.0,0.0,0.0,0.0,35.0,0.0,0.0,0.0,0.0,0.0,0.0,0.0,0.0,0.0,0.0,0.0,0.0,0.0,0.0,0.0,0.0,0.0,0.0,0.0,0.0,0.0,32.0,0.0,0.0,0.0,0.0,ACACACTATGGC,GTGCCAGCMGCCGCGGTAA,gut,2009.0,1.0,20.0,subject-1,No,84.0,subject-1.gut.2009-1-20
L1S76,0.0,0.0,0.0,0.0,0.0,0.0,0.0,0.0,0.0,0.0,0.0,0.0,0.0,0.0,0.0,0.0,0.0,0.0,0.0,0.0,0.0,0.0,0.0,0.0,0.0,0.0,0.0,4837.0,0.0,0.0,5.0,0.0,0.0,0.0,77.0,0.0,0.0,0.0,0.0,0.0,0.0,0.0,0.0,0.0,0.0,0.0,0.0,0.0,0.0,0.0,0.0,0.0,0.0,0.0,0.0,0.0,0.0,0.0,0.0,0.0,0.0,0.0,3.0,44.0,14.0,0.0,17.0,1303.0,0.0,0.0,1055.0,160.0,0.0,0.0,0.0,0.0,72.0,0.0,0.0,0.0,0.0,0.0,0.0,0.0,0.0,0.0,0.0,0.0,0.0,0.0,0.0,0.0,0.0,0.0,0.0,0.0,0.0,0.0,86.0,0.0,0.0,21.0,0.0,0.0,0.0,0.0,0.0,0.0,29.0,0.0,0.0,0.0,0.0,0.0,0.0,0.0,0.0,190.0,0.0,0.0,0.0,0.0,0.0,0.0,0.0,0.0,0.0,0.0,0.0,0.0,9.0,0.0,0.0,0.0,0.0,ACTACGTGTGGT,GTGCCAGCMGCCGCGGTAA,gut,2009.0,2.0,17.0,subject-1,No,112.0,subject-1.gut.2009-2-17
L1S8,0.0,0.0,0.0,0.0,0.0,0.0,0.0,0.0,0.0,0.0,0.0,0.0,0.0,0.0,0.0,0.0,0.0,0.0,0.0,0.0,0.0,0.0,0.0,0.0,0.0,0.0,0.0,4581.0,0.0,0.0,0.0,0.0,0.0,0.0,118.0,0.0,0.0,0.0,0.0,0.0,0.0,0.0,0.0,0.0,0.0,0.0,0.0,0.0,0.0,0.0,0.0,0.0,0.0,0.0,0.0,0.0,0.0,0.0,0.0,0.0,0.0,30.0,0.0,50.0,0.0,0.0,0.0,581.0,0.0,18.0,252.0,536.0,0.0,0.0,0.0,0.0,0.0,3.0,0.0,0.0,0.0,0.0,0.0,0.0,0.0,0.0,0.0,0.0,0.0,0.0,0.0,0.0,0.0,0.0,0.0,0.0,0.0,0.0,0.0,0.0,0.0,0.0,0.0,0.0,0.0,0.0,0.0,0.0,67.0,0.0,0.0,0.0,0.0,0.0,0.0,0.0,0.0,245.0,0.0,5.0,0.0,0.0,0.0,0.0,0.0,0.0,0.0,0.0,0.0,0.0,582.0,0.0,0.0,0.0,0.0,AGCTGACTAGTC,GTGCCAGCMGCCGCGGTAA,gut,2008.0,10.0,28.0,subject-1,Yes,0.0,subject-1.gut.2008-10-28
L2S155,0.0,0.0,27.0,0.0,0.0,9.0,0.0,3.0,1160.0,0.0,0.0,0.0,0.0,14.0,0.0,0.0,10.0,0.0,7.0,0.0,0.0,0.0,0.0,0.0,0.0,0.0,0.0,13.0,19.0,26.0,0.0,5.0,0.0,0.0,16.0,7.0,0.0,20.0,0.0,0.0,12.0,0.0,0.0,3.0,0.0,64.0,0.0,0.0,82.0,5.0,0.0,0.0,0.0,0.0,14.0,0.0,7.0,10.0,0.0,14.0,4.0,396.0,0.0,5.0,9.0,0.0,0.0,20.0,2.0,0.0,12.0,38.0,0.0,2.0,356.0,0.0,2.0,74.0,123.0,0.0,0.0,0.0,0.0,31.0,0.0,0.0,0.0,9.0,0.0,0.0,21.0,0.0,0.0,3.0,90.0,0.0,25.0,0.0,0.0,6.0,14.0,71.0,6.0,8.0,51.0,0.0,0.0,0.0,0.0,0.0,0.0,4.0,0.0,0.0,0.0,0.0,0.0,14.0,0.0,95.0,1002.0,54.0,0.0,0.0,0.0,0.0,0.0,0.0,0.0,10.0,3.0,0.0,0.0,5.0,0.0,ACGATGCGACCA,GTGCCAGCMGCCGCGGTAA,left palm,2009.0,1.0,20.0,subject-1,No,84.0,subject-1.left-palm.2009-1-20
L2S175,0.0,0.0,13.0,0.0,0.0,0.0,0.0,0.0,1442.0,0.0,0.0,0.0,0.0,85.0,0.0,0.0,0.0,0.0,31.0,0.0,0.0,0.0,0.0,0.0,0.0,0.0,0.0,10.0,20.0,131.0,0.0,0.0,0.0,0.0,105.0,9.0,13.0,12.0,7.0,0.0,8.0,0.0,0.0,0.0,0.0,8.0,0.0,2.0,230.0,3.0,0.0,0.0,0.0,0.0,49.0,39.0,0.0,21.0,0.0,45.0,0.0,1073.0,0.0,0.0,14.0,0.0,12.0,18.0,0.0,0.0,7.0,83.0,0.0,0.0,260.0,0.0,0.0,99.0,68.0,3.0,0.0,0.0,0.0,19.0,0.0,0.0,11.0,0.0,0.0,0.0,15.0,0.0,2.0,0.0,0.0,0.0,28.0,0.0,0.0,5.0,0.0,28.0,18.0,0.0,112.0,0.0,0.0,0.0,0.0,0.0,0.0,4.0,0.0,0.0,0.0,0.0,0.0,63.0,0.0,120.0,119.0,73.0,0.0,0.0,0.0,0.0,0.0,0.0,0.0,0.0,0.0,0.0,0.0,8.0,0.0,AGCTATCCACGA,GTGCCAGCMGCCGCGGTAA,left palm,2009.0,2.0,17.0,subject-1,No,112.0,subject-1.left-palm.2009-2-17
L2S204,0.0,0.0,51.0,0.0,0.0,0.0,0.0,0.0,109.0,0.0,0.0,0.0,0.0,18.0,0.0,0.0,0.0,17.0,3.0,0.0,0.0,0.0,0.0,0.0,0.0,0.0,0.0,31.0,26.0,15.0,0.0,0.0,0.0,0.0,29.0,8.0,77.0,20.0,202.0,0.0,14.0,0.0,0.0,0.0,0.0,117.0,0.0,0.0,106.0,0.0,0.0,0.0,0.0,0.0,0.0,11.0,0.0,0.0,0.0,11.0,2.0,133.0,0.0,0.0,8.0,0.0,24.0,17.0,3.0,4.0,19.0,19.0,0.0,0.0,93.0,0.0,21.0,36.0,56.0,0.0,0.0,0.0,0.0,9.0,0.0,0.0,0.0,6.0,27.0,0.0,4.0,0.0,0.0,3.0,48.0,0.0,32.0,0.0,0.0,3.0,0.0,30.0,22.0,0.0,48.0,0.0,0.0,2.0,0.0,0.0,0.0,0.0,0.0,0.0,0.0,0.0,0.0,20.0,2.0,87.0,71.0,1611.0,7.0,0.0,0.0,5.0,0.0,0.0,0.0,3.0,0.0,0.0,0.0,0.0,0.0,ATGCAGCTCAGT,GTGCCAGCMGCCGCGGTAA,left palm,2009.0,3.0,17.0,subject-1,No,140.0,subject-1.left-palm.2009-3-17
L2S222,0.0,0.0,50.0,0.0,0.0,0.0,0.0,0.0,169.0,0.0,22.0,20.0,0.0,47.0,0.0,0.0,16.0,0.0,7.0,0.0,0.0,0.0,0.0,9.0,0.0,0.0,0.0,66.0,62.0,20.0,0.0,0.0,0.0,0.0,44.0,8.0,123.0,106.0,47.0,0.0,31.0,0.0,3.0,0.0,3.0,172.0,0.0,0.0,49.0,0.0,48.0,0.0,0.0,0.0,16.0,0.0,0.0,0.0,31.0,20.0,0.0,183.0,0.0,3.0,0.0,0.0,21.0,21.0,0.0,4.0,12.0,29.0,0.0,4.0,74.0,2.0,8.0,63.0,50.0,2.0,0.0,0.0,3.0,23.0,0.0,38.0,0.0,11.0,0.0,0.0,19.0,0.0,0.0,0.0,42.0,0.0,65.0,0.0,0.0,21.0,38.0,68.0,64.0,0.0,147.0,0.0,0.0,3.0,0.0,0.0,5.0,10.0,0.0,13.0,3.0,4.0,0.0,32.0,0.0,628.0,327.0,144.0,0.0,95.0,0.0,6.0,0.0,0.0,0.0,11.0,0.0,0.0,0.0,0.0,0.0,CACGTGACATGT,GTGCCAGCMGCCGCGGTAA,left palm,2009.0,4.0,14.0,subject-1,No,168.0,subject-1.left-palm.2009-4-14
L2S240,0.0,0.0,0.0,0.0,0.0,0.0,27.0,0.0,35.0,0.0,0.0,0.0,0.0,178.0,0.0,0.0,0.0,0.0,0.0,0.0,0.0,0.0,0.0,0.0,0.0,0.0,0.0,3.0,27.0,283.0,0.0,0.0,0.0,0.0,14.0,0.0,9.0,12.0,0.0,0.0,0.0,0.0,0.0,0.0,0.0,7.0,0.0,0.0,0.0,0.0,0.0,0.0,0.0,0.0,52.0,0.0,0.0,53.0,0.0,0.0,0.0,659.0,0.0,0.0,9.0,0.0,0.0,101.0,0.0,8.0,0.0,297.0,0.0,8.0,22.0,0.0,2.0,632.0,39.0,0.0,0.0,0.0,0.0,0.0,0.0,0.0,0.0,0.0,0.0,0.0,0.0,0.0,0.0,0.0,2.0,0.0,0.0,0.0,0.0,0.0,0.0,153.0,0.0,0.0,1241.0,0.0,0.0,0.0,0.0,0.0,0.0,34.0,0.0,0.0,0.0,0.0,0.0,0.0,0.0,1209.0,30.0,0.0,0.0,0.0,0.0,0.0,0.0,0.0,0.0,0.0,0.0,0.0,0.0,0.0,0.0,CATATCGCAGTT,GTGCCAGCMGCCGCGGTAA,left palm,2008.0,10.0,28.0,subject-2,Yes,0.0,subject-2.left-palm.2008-10-28
L2S309,0.0,0.0,10.0,0.0,0.0,0.0,0.0,0.0,155.0,0.0,6.0,0.0,0.0,12.0,0.0,0.0,0.0,0.0,31.0,0.0,0.0,0.0,0.0,0.0,0.0,0.0,0.0,37.0,4.0,12.0,0.0,0.0,0.0,0.0,7.0,0.0,7.0,16.0,9.0,0.0,0.0,0.0,0.0,0.0,0.0,47.0,0.0,0.0,351.0,0.0,0.0,0.0,0.0,0.0,0.0,0.0,3.0,0.0,0.0,10.0,0.0,297.0,0.0,2.0,0.0,0.0,2.0,16.0,0.0,0.0,25.0,5.0,0.0,0.0,187.0,0.0,0.0,29.0,25.0,0.0,0.0,0.0,0.0,5.0,0.0,0.0,0.0,7.0,0.0,0.0,18.0,0.0,0.0,0.0,10.0,0.0,20.0,0.0,0.0,0.0,0.0,0.0,27.0,0.0,47.0,0.0,0.0,0.0,0.0,0.0,0.0,5.0,0.0,0.0,0.0,0.0,0.0,0.0,0.0,59.0,0.0,44.0,0.0,0.0,0.0,0.0,0.0,0.0,0.0,0.0,0.0,2.0,0.0,0.0,0.0,CGTGCATTATCA,GTGCCAGCMGCCGCGGTAA,left palm,2009.0,1.0,20.0,subject-2,No,84.0,subject-2.left-palm.2009-1-20
L2S357,0.0,0.0,2.0,0.0,0.0,0.0,0.0,0.0,345.0,0.0,0.0,0.0,0.0,22.0,0.0,0.0,0.0,9.0,18.0,0.0,0.0,0.0,0.0,0.0,0.0,0.0,0.0,14.0,10.0,0.0,0.0,0.0,0.0,0.0,24.0,0.0,10.0,0.0,17.0,0.0,0.0,0.0,0.0,0.0,0.0,48.0,0.0,0.0,318.0,0.0,0.0,0.0,0.0,0.0,30.0,0.0,62.0,9.0,0.0,46.0,0.0,593.0,0.0,0.0,0.0,0.0,0.0,0.0,0.0,0.0,10.0,35.0,0.0,0.0,226.0,0.0,0.0,22.0,9.0,0.0,0.0,0.0,0.0,0.0,0.0,0.0,0.0,0.0,0.0,0.0,0.0,0.0,0.0,0.0,34.0,0.0,20.0,0.0,0.0,0.0,16.0,0.0,10.0,0.0,123.0,0.0,0.0,0.0,0.0,0.0,0.0,8.0,0.0,0.0,0.0,0.0,0.0,0.0,0.0,124.0,0.0,312.0,0.0,0.0,0.0,0.0,0.0,0.0,0.0,0.0,0.0,0.0,0.0,0.0,0.0,CTAACGCAGTCA,GTGCCAGCMGCCGCGGTAA,left palm,2009.0,3.0,17.0,subject-2,No,140.0,subject-2.left-palm.2009-3-17
L2S382,0.0,0.0,0.0,0.0,0.0,0.0,7.0,0.0,287.0,2.0,0.0,0.0,0.0,39.0,0.0,0.0,0.0,0.0,35.0,0.0,0.0,6.0,15.0,0.0,0.0,0.0,6.0,0.0,97.0,441.0,0.0,0.0,0.0,0.0,118.0,10.0,80.0,24.0,0.0,0.0,0.0,0.0,0.0,0.0,0.0,7.0,0.0,0.0,105.0,0.0,0.0,0.0,0.0,0.0,15.0,0.0,20.0,11.0,0.0,0.0,0.0,670.0,0.0,0.0,16.0,0.0,0.0,76.0,3.0,25.0,0.0,313.0,6.0,46.0,197.0,0.0,13.0,495.0,117.0,3.0,0.0,0.0,0.0,0.0,0.0,0.0,0.0,0.0,0.0,0.0,0.0,0.0,0.0,0.0,0.0,0.0,6.0,18.0,0.0,0.0,172.0,37.0,0.0,0.0,239.0,0.0,0.0,0.0,0.0,0.0,0.0,68.0,0.0,0.0,0.0,0.0,39.0,0.0,0.0,182.0,9.0,0.0,0.0,0.0,0.0,0.0,53.0,38.0,0.0,0.0,0.0,0.0,0.0,0.0,0.0,CTCAATGACTCA,GTGCCAGCMGCCGCGGTAA,left palm,2009.0,4.0,14.0,subject-2,No,168.0,subject-2.left-palm.2009-4-14
L3S242,0.0,0.0,0.0,0.0,0.0,0.0,0.0,0.0,0.0,0.0,0.0,0.0,0.0,0.0,0.0,0.0,0.0,0.0,0.0,0.0,0.0,0.0,0.0,0.0,0.0,0.0,0.0,637.0,0.0,0.0,0.0,0.0,0.0,0.0,17.0,0.0,0.0,0.0,0.0,0.0,0.0,0.0,0.0,0.0,0.0,0.0,0.0,0.0,0.0,0.0,0.0,0.0,0.0,0.0,0.0,0.0,0.0,0.0,0.0,0.0,0.0,4.0,0.0,20.0,0.0,0.0,0.0,58.0,0.0,0.0,27.0,67.0,0.0,0.0,0.0,0.0,0.0,0.0,0.0,0.0,0.0,0.0,0.0,0.0,0.0,0.0,0.0,0.0,0.0,0.0,0.0,0.0,0.0,0.0,0.0,0.0,0.0,0.0,0.0,0.0,0.0,0.0,0.0,0.0,0.0,0.0,0.0,0.0,18.0,0.0,0.0,0.0,0.0,0.0,0.0,0.0,0.0,41.0,0.0,5.0,0.0,0.0,0.0,0.0,0.0,0.0,0.0,0.0,0.0,0.0,23.0,0.0,0.0,0.0,0.0,ACAGTTGCGCGA,GTGCCAGCMGCCGCGGTAA,right palm,2008.0,10.0,28.0,subject-1,Yes,0.0,subject-1.right-palm.2008-10-28
L3S294,0.0,0.0,4.0,0.0,0.0,0.0,0.0,2.0,429.0,0.0,0.0,0.0,0.0,9.0,0.0,0.0,0.0,0.0,7.0,0.0,0.0,0.0,0.0,0.0,0.0,0.0,0.0,0.0,0.0,4.0,0.0,0.0,0.0,0.0,6.0,0.0,0.0,0.0,2.0,0.0,0.0,0.0,0.0,0.0,0.0,82.0,0.0,0.0,75.0,0.0,0.0,0.0,0.0,0.0,0.0,0.0,0.0,0.0,0.0,0.0,0.0,56.0,0.0,0.0,0.0,0.0,0.0,0.0,0.0,0.0,0.0,8.0,0.0,0.0,89.0,0.0,0.0,7.0,11.0,0.0,0.0,0.0,0.0,0.0,0.0,0.0,0.0,0.0,0.0,0.0,0.0,0.0,0.0,0.0,18.0,0.0,0.0,0.0,0.0,0.0,0.0,50.0,0.0,0.0,23.0,0.0,0.0,0.0,0.0,0.0,0.0,0.0,0.0,0.0,0.0,0.0,0.0,5.0,0.0,15.0,386.0,25.0,0.0,0.0,0.0,0.0,0.0,0.0,0.0,0.0,0.0,0.0,0.0,0.0,0.0,CACGACAGGCTA,GTGCCAGCMGCCGCGGTAA,right palm,2009.0,1.0,20.0,subject-1,No,84.0,subject-1.right-palm.2009-1-20
L3S313,0.0,0.0,0.0,0.0,0.0,0.0,0.0,0.0,408.0,0.0,0.0,0.0,0.0,22.0,0.0,0.0,0.0,0.0,11.0,0.0,0.0,0.0,0.0,0.0,0.0,0.0,0.0,6.0,5.0,16.0,0.0,0.0,0.0,0.0,7.0,0.0,0.0,0.0,0.0,0.0,0.0,0.0,0.0,0.0,0.0,0.0,0.0,0.0,147.0,0.0,0.0,0.0,0.0,0.0,17.0,11.0,0.0,6.0,0.0,14.0,0.0,235.0,0.0,0.0,0.0,0.0,3.0,0.0,0.0,0.0,7.0,19.0,0.0,0.0,107.0,0.0,0.0,13.0,5.0,0.0,0.0,0.0,0.0,6.0,0.0,0.0,0.0,0.0,0.0,0.0,0.0,0.0,0.0,0.0,0.0,0.0,7.0,0.0,0.0,12.0,0.0,0.0,0.0,0.0,22.0,0.0,0.0,0.0,0.0,0.0,0.0,0.0,0.0,0.0,0.0,0.0,0.0,19.0,0.0,20.0,24.0,16.0,0.0,0.0,0.0,0.0,0.0,0.0,0.0,0.0,0.0,0.0,0.0,6.0,0.0,AGTGTCACGGTG,GTGCCAGCMGCCGCGGTAA,right palm,2009.0,2.0,17.0,subject-1,No,112.0,subject-1.right-palm.2009-2-17
L3S341,0.0,0.0,0.0,0.0,0.0,0.0,0.0,0.0,57.0,0.0,0.0,0.0,16.0,5.0,0.0,0.0,7.0,0.0,2.0,0.0,0.0,0.0,0.0,0.0,0.0,0.0,0.0,13.0,0.0,13.0,0.0,0.0,0.0,0.0,60.0,0.0,10.0,0.0,28.0,0.0,0.0,0.0,0.0,0.0,0.0,39.0,0.0,0.0,65.0,0.0,0.0,0.0,0.0,0.0,0.0,0.0,0.0,18.0,0.0,0.0,0.0,80.0,0.0,0.0,0.0,0.0,6.0,13.0,0.0,0.0,14.0,25.0,0.0,0.0,24.0,0.0,6.0,14.0,9.0,0.0,0.0,0.0,0.0,0.0,0.0,0.0,0.0,0.0,17.0,0.0,0.0,0.0,0.0,0.0,8.0,0.0,10.0,0.0,0.0,0.0,0.0,13.0,10.0,0.0,25.0,0.0,0.0,0.0,0.0,0.0,0.0,0.0,0.0,0.0,0.0,0.0,0.0,0.0,0.0,57.0,19.0,412.0,12.0,0.0,0.0,0.0,0.0,0.0,0.0,0.0,0.0,0.0,0.0,2.0,0.0,CAAGTGAGAGAG,GTGCCAGCMGCCGCGGTAA,right palm,2009.0,3.0,17.0,subject-1,No,140.0,subject-1.right-palm.2009-3-17
L3S360,0.0,0.0,6.0,0.0,0.0,0.0,0.0,0.0,55.0,0.0,0.0,0.0,24.0,0.0,0.0,0.0,0.0,8.0,0.0,0.0,0.0,0.0,0.0,0.0,0.0,0.0,0.0,13.0,15.0,0.0,0.0,0.0,0.0,0.0,12.0,0.0,26.0,31.0,10.0,0.0,0.0,0.0,0.0,0.0,0.0,114.0,0.0,0.0,29.0,0.0,0.0,0.0,0.0,0.0,0.0,0.0,0.0,0.0,22.0,6.0,0.0,46.0,0.0,0.0,0.0,0.0,5.0,0.0,0.0,0.0,0.0,0.0,0.0,0.0,10.0,0.0,2.0,19.0,17.0,0.0,0.0,0.0,0.0,9.0,0.0,13.0,0.0,0.0,0.0,0.0,0.0,0.0,3.0,0.0,25.0,0.0,0.0,0.0,0.0,8.0,6.0,9.0,42.0,0.0,35.0,0.0,0.0,0.0,0.0,0.0,0.0,0.0,0.0,8.0,0.0,0.0,0.0,9.0,0.0,102.0,141.0,223.0,0.0,27.0,0.0,0.0,0.0,0.0,0.0,0.0,0.0,0.0,0.0,0.0,0.0,CATCGTATCAAC,GTGCCAGCMGCCGCGGTAA,right palm,2009.0,4.0,14.0,subject-1,No,168.0,subject-1.right-palm.2009-4-14
L3S378,0.0,0.0,0.0,0.0,0.0,0.0,0.0,0.0,0.0,0.0,0.0,0.0,0.0,0.0,0.0,0.0,0.0,0.0,0.0,0.0,0.0,0.0,0.0,0.0,0.0,0.0,0.0,782.0,22.0,5.0,31.0,0.0,0.0,0.0,0.0,0.0,0.0,0.0,0.0,0.0,0.0,0.0,0.0,0.0,0.0,0.0,0.0,0.0,0.0,0.0,0.0,0.0,0.0,0.0,0.0,0.0,0.0,0.0,0.0,0.0,0.0,3.0,0.0,2.0,0.0,0.0,0.0,115.0,0.0,0.0,254.0,35.0,0.0,0.0,0.0,0.0,0.0,0.0,0.0,0.0,0.0,0.0,0.0,0.0,0.0,0.0,0.0,0.0,0.0,0.0,0.0,0.0,0.0,0.0,0.0,0.0,0.0,0.0,0.0,0.0,0.0,6.0,0.0,0.0,0.0,0.0,0.0,0.0,18.0,0.0,0.0,0.0,0.0,0.0,0.0,0.0,0.0,6.0,0.0,0.0,0.0,0.0,0.0,0.0,0.0,0.0,0.0,0.0,0.0,0.0,0.0,0.0,0.0,0.0,0.0,ATCGATCTGTGG,GTGCCAGCMGCCGCGGTAA,right palm,2008.0,10.0,28.0,subject-2,Yes,0.0,subject-2.right-palm.2008-10-28
L4S112,0.0,4.0,22.0,6.0,0.0,0.0,13.0,0.0,1016.0,4.0,0.0,42.0,0.0,100.0,0.0,0.0,7.0,17.0,87.0,11.0,0.0,0.0,0.0,0.0,0.0,0.0,0.0,64.0,28.0,46.0,3.0,0.0,0.0,4.0,90.0,29.0,60.0,47.0,37.0,0.0,13.0,0.0,0.0,0.0,0.0,193.0,0.0,0.0,1399.0,2.0,39.0,0.0,0.0,0.0,114.0,5.0,51.0,85.0,0.0,221.0,6.0,1763.0,0.0,0.0,2.0,0.0,26.0,83.0,0.0,0.0,50.0,165.0,0.0,0.0,516.0,0.0,27.0,77.0,34.0,0.0,5.0,2.0,0.0,27.0,0.0,0.0,0.0,9.0,0.0,0.0,31.0,0.0,13.0,0.0,68.0,0.0,59.0,0.0,0.0,0.0,43.0,35.0,43.0,0.0,345.0,5.0,0.0,0.0,0.0,0.0,0.0,9.0,3.0,0.0,0.0,0.0,8.0,19.0,0.0,396.0,113.0,726.0,0.0,0.0,0.0,5.0,0.0,0.0,0.0,0.0,0.0,0.0,3.0,0.0,0.0,GCGTTACACACA,GTGCCAGCMGCCGCGGTAA,right palm,2009.0,3.0,17.0,subject-2,No,140.0,subject-2.right-palm.2009-3-17
L4S137,0.0,0.0,0.0,0.0,0.0,0.0,35.0,0.0,943.0,0.0,0.0,0.0,0.0,84.0,0.0,0.0,0.0,0.0,25.0,0.0,0.0,2.0,9.0,0.0,0.0,0.0,8.0,5.0,117.0,348.0,0.0,0.0,0.0,0.0,191.0,546.0,86.0,35.0,0.0,0.0,0.0,0.0,0.0,0.0,0.0,42.0,0.0,0.0,367.0,0.0,0.0,0.0,0.0,124.0,130.0,0.0,64.0,80.0,0.0,5.0,0.0,2127.0,0.0,0.0,4.0,0.0,0.0,79.0,0.0,19.0,0.0,371.0,0.0,39.0,410.0,0.0,5.0,390.0,112.0,2.0,0.0,0.0,0.0,0.0,0.0,0.0,0.0,0.0,0.0,10.0,0.0,0.0,0.0,0.0,8.0,91.0,49.0,15.0,0.0,0.0,189.0,1153.0,0.0,20.0,634.0,0.0,0.0,0.0,0.0,0.0,0.0,34.0,0.0,0.0,0.0,0.0,33.0,83.0,0.0,759.0,10.0,19.0,0.0,0.0,0.0,0.0,23.0,27.0,0.0,0.0,0.0,0.0,0.0,0.0,0.0,GAACTGTATCTC,GTGCCAGCMGCCGCGGTAA,right palm,2009.0,4.0,14.0,subject-2,No,168.0,subject-2.right-palm.2009-4-14
L4S63,3.0,8.0,79.0,15.0,4.0,0.0,38.0,0.0,1110.0,0.0,14.0,20.0,93.0,105.0,15.0,12.0,23.0,71.0,106.0,19.0,10.0,0.0,0.0,18.0,21.0,4.0,0.0,29.0,81.0,93.0,0.0,2.0,0.0,0.0,34.0,49.0,47.0,63.0,54.0,3.0,39.0,4.0,3.0,7.0,0.0,515.0,2.0,0.0,1578.0,5.0,0.0,5.0,43.0,0.0,41.0,0.0,18.0,53.0,0.0,122.0,11.0,801.0,0.0,2.0,7.0,3.0,36.0,64.0,5.0,5.0,14.0,67.0,2.0,6.0,1524.0,0.0,11.0,333.0,429.0,0.0,0.0,3.0,0.0,181.0,27.0,41.0,0.0,26.0,42.0,0.0,110.0,2.0,28.0,10.0,119.0,18.0,170.0,0.0,22.0,6.0,18.0,26.0,152.0,0.0,232.0,0.0,2.0,0.0,0.0,3.0,0.0,23.0,0.0,7.0,8.0,0.0,0.0,45.0,0.0,325.0,164.0,236.0,0.0,17.0,2.0,0.0,3.0,0.0,0.0,19.0,0.0,3.0,3.0,0.0,4.0,CTCGTGGAGTAG,GTGCCAGCMGCCGCGGTAA,right palm,2009.0,1.0,20.0,subject-2,No,84.0,subject-2.right-palm.2009-1-20
L5S104,0.0,0.0,0.0,0.0,0.0,0.0,29.0,0.0,0.0,0.0,0.0,0.0,0.0,178.0,0.0,0.0,0.0,0.0,0.0,0.0,0.0,0.0,0.0,0.0,0.0,0.0,0.0,10.0,0.0,251.0,0.0,0.0,0.0,0.0,3.0,0.0,0.0,5.0,0.0,0.0,0.0,0.0,0.0,0.0,0.0,263.0,0.0,0.0,0.0,0.0,0.0,0.0,0.0,0.0,29.0,0.0,0.0,59.0,0.0,0.0,0.0,442.0,0.0,0.0,0.0,0.0,0.0,22.0,0.0,0.0,0.0,145.0,0.0,0.0,2.0,0.0,0.0,176.0,8.0,0.0,0.0,0.0,0.0,0.0,0.0,0.0,0.0,0.0,0.0,0.0,0.0,0.0,0.0,0.0,53.0,0.0,0.0,0.0,0.0,0.0,0.0,0.0,0.0,0.0,19.0,0.0,0.0,0.0,0.0,0.0,0.0,10.0,0.0,0.0,0.0,0.0,0.0,0.0,0.0,549.0,0.0,0.0,0.0,0.0,0.0,0.0,0.0,0.0,0.0,0.0,0.0,0.0,0.0,0.0,0.0,CAGTGTCAGGAC,GTGCCAGCMGCCGCGGTAA,tongue,2008.0,10.0,28.0,subject-1,Yes,0.0,subject-1.tongue.2008-10-28
L5S155,0.0,0.0,0.0,0.0,0.0,0.0,0.0,0.0,0.0,0.0,0.0,0.0,0.0,70.0,0.0,0.0,0.0,0.0,0.0,0.0,0.0,0.0,0.0,0.0,0.0,0.0,0.0,8.0,4.0,125.0,0.0,0.0,0.0,0.0,0.0,0.0,0.0,0.0,0.0,0.0,0.0,0.0,0.0,0.0,0.0,0.0,0.0,0.0,0.0,0.0,0.0,0.0,0.0,0.0,21.0,0.0,0.0,27.0,0.0,0.0,0.0,402.0,0.0,0.0,0.0,0.0,0.0,17.0,0.0,0.0,0.0,101.0,0.0,0.0,0.0,0.0,0.0,44.0,5.0,0.0,0.0,0.0,0.0,0.0,0.0,0.0,0.0,0.0,0.0,0.0,0.0,0.0,0.0,0.0,0.0,0.0,0.0,0.0,0.0,0.0,0.0,0.0,0.0,0.0,529.0,0.0,0.0,0.0,0.0,0.0,0.0,8.0,0.0,0.0,0.0,0.0,0.0,0.0,0.0,466.0,0.0,0.0,0.0,0.0,0.0,0.0,0.0,0.0,0.0,0.0,0.0,0.0,0.0,0.0,0.0,ATCTTAGACTGC,GTGCCAGCMGCCGCGGTAA,tongue,2009.0,1.0,20.0,subject-1,No,84.0,subject-1.tongue.2009-1-20
L5S174,0.0,0.0,0.0,0.0,0.0,0.0,37.0,0.0,0.0,0.0,0.0,0.0,0.0,45.0,0.0,0.0,0.0,0.0,0.0,0.0,0.0,0.0,5.0,0.0,0.0,0.0,0.0,0.0,0.0,744.0,0.0,0.0,0.0,0.0,43.0,0.0,0.0,0.0,0.0,0.0,0.0,0.0,0.0,0.0,0.0,0.0,0.0,0.0,0.0,0.0,0.0,0.0,0.0,0.0,16.0,0.0,0.0,23.0,0.0,0.0,0.0,250.0,0.0,0.0,0.0,0.0,0.0,26.0,0.0,0.0,0.0,289.0,0.0,14.0,0.0,0.0,2.0,107.0,8.0,0.0,0.0,0.0,0.0,0.0,0.0,0.0,0.0,0.0,0.0,0.0,0.0,0.0,0.0,0.0,0.0,0.0,0.0,0.0,0.0,0.0,0.0,0.0,0.0,0.0,84.0,0.0,0.0,0.0,0.0,0.0,0.0,21.0,0.0,0.0,0.0,0.0,0.0,0.0,0.0,255.0,0.0,0.0,0.0,0.0,0.0,0.0,0.0,0.0,0.0,0.0,0.0,0.0,0.0,0.0,0.0,CAGACATTGCGT,GTGCCAGCMGCCGCGGTAA,tongue,2009.0,2.0,17.0,subject-1,No,112.0,subject-1.tongue.2009-2-17
L5S203,0.0,0.0,0.0,0.0,0.0,0.0,21.0,0.0,4.0,0.0,0.0,0.0,0.0,82.0,0.0,0.0,0.0,0.0,0.0,0.0,0.0,0.0,0.0,0.0,0.0,0.0,0.0,5.0,0.0,172.0,0.0,0.0,0.0,0.0,11.0,0.0,3.0,0.0,0.0,0.0,0.0,0.0,0.0,0.0,0.0,0.0,0.0,0.0,0.0,0.0,0.0,0.0,0.0,0.0,14.0,0.0,0.0,36.0,0.0,0.0,0.0,479.0,0.0,0.0,3.0,0.0,0.0,42.0,0.0,0.0,0.0,145.0,0.0,4.0,2.0,0.0,0.0,203.0,16.0,0.0,0.0,0.0,0.0,0.0,0.0,0.0,0.0,0.0,0.0,0.0,0.0,0.0,0.0,0.0,0.0,0.0,0.0,0.0,0.0,0.0,6.0,0.0,0.0,0.0,489.0,0.0,0.0,0.0,0.0,0.0,0.0,38.0,0.0,0.0,0.0,0.0,0.0,0.0,0.0,357.0,0.0,0.0,0.0,0.0,0.0,0.0,0.0,0.0,0.0,0.0,0.0,0.0,0.0,0.0,0.0,CGATGCACCAGA,GTGCCAGCMGCCGCGGTAA,tongue,2009.0,3.0,17.0,subject-1,No,140.0,subject-1.tongue.2009-3-17
L5S222,0.0,0.0,0.0,0.0,0.0,0.0,13.0,0.0,0.0,0.0,0.0,0.0,0.0,31.0,0.0,0.0,0.0,0.0,0.0,0.0,0.0,0.0,0.0,0.0,0.0,0.0,0.0,0.0,5.0,482.0,0.0,0.0,0.0,0.0,4.0,0.0,0.0,0.0,0.0,0.0,0.0,0.0,0.0,0.0,0.0,8.0,0.0,0.0,0.0,0.0,0.0,0.0,0.0,0.0,46.0,0.0,0.0,29.0,0.0,0.0,0.0,308.0,0.0,0.0,0.0,0.0,0.0,26.0,0.0,0.0,0.0,147.0,0.0,12.0,13.0,0.0,3.0,515.0,25.0,0.0,0.0,0.0,0.0,0.0,0.0,0.0,0.0,0.0,0.0,0.0,0.0,0.0,0.0,0.0,0.0,0.0,0.0,0.0,0.0,0.0,0.0,0.0,0.0,0.0,481.0,0.0,0.0,0.0,0.0,0.0,0.0,18.0,0.0,0.0,0.0,0.0,0.0,0.0,0.0,389.0,0.0,0.0,0.0,0.0,0.0,0.0,0.0,0.0,0.0,0.0,0.0,0.0,0.0,0.0,0.0,CTAGAGACTCTT,GTGCCAGCMGCCGCGGTAA,tongue,2009.0,4.0,14.0,subject-1,No,168.0,subject-1.tongue.2009-4-14
L5S240,0.0,0.0,0.0,0.0,0.0,0.0,0.0,0.0,0.0,0.0,0.0,0.0,0.0,106.0,0.0,0.0,0.0,0.0,0.0,0.0,0.0,0.0,0.0,0.0,0.0,0.0,0.0,10.0,15.0,108.0,0.0,0.0,0.0,0.0,0.0,0.0,0.0,0.0,0.0,0.0,0.0,0.0,0.0,0.0,0.0,0.0,0.0,0.0,0.0,0.0,0.0,0.0,0.0,0.0,19.0,0.0,0.0,41.0,0.0,0.0,0.0,205.0,0.0,0.0,2.0,0.0,0.0,29.0,0.0,2.0,0.0,98.0,0.0,0.0,0.0,0.0,0.0,169.0,7.0,0.0,0.0,0.0,0.0,0.0,0.0,0.0,0.0,0.0,0.0,0.0,0.0,0.0,0.0,0.0,0.0,0.0,0.0,0.0,0.0,0.0,0.0,0.0,0.0,0.0,448.0,0.0,0.0,0.0,0.0,0.0,0.0,7.0,0.0,0.0,0.0,0.0,0.0,0.0,0.0,551.0,0.0,0.0,0.0,0.0,0.0,0.0,0.0,0.0,0.0,0.0,0.0,0.0,0.0,0.0,0.0,CTGGACTCATAG,GTGCCAGCMGCCGCGGTAA,tongue,2008.0,10.0,28.0,subject-2,Yes,0.0,subject-2.tongue.2008-10-28
L6S20,0.0,0.0,0.0,0.0,0.0,0.0,92.0,0.0,0.0,0.0,0.0,0.0,0.0,108.0,0.0,0.0,0.0,0.0,0.0,0.0,0.0,0.0,5.0,0.0,0.0,0.0,0.0,9.0,40.0,303.0,0.0,0.0,0.0,0.0,15.0,0.0,0.0,8.0,0.0,0.0,0.0,0.0,0.0,0.0,0.0,0.0,0.0,0.0,0.0,0.0,0.0,0.0,0.0,0.0,14.0,0.0,0.0,35.0,0.0,0.0,0.0,420.0,0.0,0.0,6.0,0.0,0.0,195.0,7.0,18.0,0.0,335.0,0.0,11.0,2.0,0.0,8.0,625.0,52.0,0.0,0.0,0.0,0.0,0.0,0.0,0.0,0.0,0.0,0.0,0.0,0.0,0.0,0.0,0.0,0.0,0.0,0.0,0.0,0.0,0.0,22.0,0.0,0.0,0.0,3539.0,0.0,0.0,0.0,0.0,0.0,0.0,73.0,0.0,0.0,0.0,0.0,0.0,0.0,0.0,950.0,0.0,0.0,0.0,0.0,0.0,0.0,0.0,0.0,0.0,0.0,0.0,0.0,0.0,0.0,0.0,GAGGCTCATCAT,GTGCCAGCMGCCGCGGTAA,tongue,2009.0,1.0,20.0,subject-2,No,84.0,subject-2.tongue.2009-1-20
L6S68,0.0,0.0,0.0,0.0,0.0,0.0,34.0,0.0,0.0,0.0,0.0,0.0,0.0,224.0,0.0,0.0,0.0,0.0,0.0,0.0,0.0,0.0,7.0,0.0,0.0,0.0,0.0,5.0,35.0,279.0,0.0,0.0,0.0,0.0,43.0,0.0,4.0,6.0,0.0,0.0,0.0,0.0,0.0,0.0,0.0,0.0,0.0,0.0,0.0,0.0,0.0,0.0,0.0,0.0,36.0,0.0,0.0,132.0,0.0,0.0,0.0,727.0,0.0,0.0,12.0,0.0,0.0,112.0,0.0,10.0,0.0,273.0,0.0,7.0,4.0,0.0,11.0,919.0,73.0,0.0,0.0,0.0,0.0,0.0,0.0,0.0,0.0,0.0,0.0,0.0,0.0,0.0,0.0,0.0,0.0,0.0,0.0,0.0,0.0,0.0,5.0,0.0,0.0,0.0,1741.0,0.0,0.0,0.0,0.0,0.0,0.0,31.0,0.0,0.0,0.0,0.0,0.0,0.0,0.0,1292.0,0.0,0.0,0.0,0.0,0.0,0.0,0.0,0.0,0.0,0.0,0.0,0.0,0.0,0.0,0.0,GATACGTCCTGA,GTGCCAGCMGCCGCGGTAA,tongue,2009.0,3.0,17.0,subject-2,No,140.0,subject-2.tongue.2009-3-17
L6S93,0.0,0.0,0.0,0.0,0.0,0.0,14.0,0.0,0.0,0.0,0.0,0.0,0.0,38.0,0.0,0.0,0.0,0.0,0.0,0.0,0.0,0.0,13.0,0.0,0.0,0.0,0.0,9.0,36.0,1963.0,0.0,0.0,0.0,0.0,571.0,0.0,10.0,13.0,0.0,0.0,0.0,0.0,0.0,0.0,0.0,0.0,0.0,0.0,0.0,0.0,0.0,0.0,0.0,0.0,10.0,0.0,0.0,28.0,0.0,0.0,0.0,689.0,0.0,0.0,12.0,0.0,0.0,120.0,0.0,0.0,0.0,534.0,0.0,0.0,7.0,0.0,26.0,641.0,85.0,0.0,0.0,0.0,0.0,0.0,0.0,0.0,0.0,0.0,0.0,0.0,0.0,0.0,0.0,0.0,0.0,0.0,0.0,0.0,0.0,0.0,3.0,0.0,0.0,0.0,1367.0,0.0,0.0,0.0,0.0,0.0,0.0,107.0,0.0,0.0,0.0,0.0,0.0,0.0,0.0,727.0,0.0,0.0,0.0,0.0,0.0,0.0,0.0,0.0,2.0,0.0,0.0,0.0,0.0,0.0,0.0,GATTAGCACTCT,GTGCCAGCMGCCGCGGTAA,tongue,2009.0,4.0,14.0,subject-2,No,168.0,subject-2.tongue.2009-4-14
